INSERT INTO public.tab_organizacoes (cod_organizacao, sgl_organizacao, nom_organizacao, rel_cod_organizacao, deleted_at, created_at, updated_at) VALUES ('aaf1cfa7-f4da-44c7-994b-141349e5d0dd', 'SE', 'Secretaria-Executiva', '3834910f-66f7-46d8-9104-2904d59e1241', NULL, '2021-11-24 15:21:46', '2021-11-24 15:21:46');
INSERT INTO public.tab_organizacoes (cod_organizacao, sgl_organizacao, nom_organizacao, rel_cod_organizacao, deleted_at, created_at, updated_at) VALUES ('17f4ad22-8bd5-41f8-a385-49818562d736', 'SECOG', 'Secretaria de Coordenação Estrutural e Gestão Corporativa', 'aaf1cfa7-f4da-44c7-994b-141349e5d0dd', NULL, '2021-11-24 15:23:08', '2021-11-24 15:23:08');
INSERT INTO public.tab_organizacoes (cod_organizacao, sgl_organizacao, nom_organizacao, rel_cod_organizacao, deleted_at, created_at, updated_at) VALUES ('ae20f504-4452-4a7a-9cae-84a464bbc02d', 'DIGEC', 'Diretoria de Gestão Estratégica e Coordenação Estrutural', '17f4ad22-8bd5-41f8-a385-49818562d736', NULL, '2021-11-24 15:24:04', '2021-11-24 15:24:04');

INSERT INTO public.rel_organizacao (id, cod_organizacao, rel_cod_organizacao, deleted_at, created_at, updated_at) VALUES ('9e4bca96-8b11-4c7f-b2c3-4040e8d52d44', 'aaf1cfa7-f4da-44c7-994b-141349e5d0dd', '3834910f-66f7-46d8-9104-2904d59e1241', NULL, '2021-11-24 15:21:46', '2021-11-24 15:21:46');
INSERT INTO public.rel_organizacao (id, cod_organizacao, rel_cod_organizacao, deleted_at, created_at, updated_at) VALUES ('2cdfa312-a9e0-44f9-b71c-c97092679443', '17f4ad22-8bd5-41f8-a385-49818562d736', 'aaf1cfa7-f4da-44c7-994b-141349e5d0dd', NULL, '2021-11-24 15:23:08', '2021-11-24 15:23:08');
INSERT INTO public.rel_organizacao (id, cod_organizacao, rel_cod_organizacao, deleted_at, created_at, updated_at) VALUES ('41d2ff5b-29a8-4662-be3a-f7dab38321a4', 'ae20f504-4452-4a7a-9cae-84a464bbc02d', '17f4ad22-8bd5-41f8-a385-49818562d736', NULL, '2021-11-24 15:24:04', '2021-11-24 15:24:04');

INSERT INTO public.users (id, cpf, name, email, ativo, email_verified_at, password, trocarsenha, remember_token, current_team_id, profile_photo_path, created_at, updated_at, two_factor_secret, two_factor_recovery_codes) VALUES ('736a9a54-2a54-4132-a63f-7f994fc1c1fd', NULL, 'Marcio Alessandro Xavier Neto', 'marcio.xavierneto@gmail.com', 1, '2021-12-02 11:28:47', '$2y$10$N1yfxrrJHxbgSB/62ExO9eiZybKiYkuk8467siSKMtspJD7qnS31W', 0, NULL, NULL, 'profile-photos/D4wS77M4g7tHGvttbAzuwAZkc5xEBQEOjbVargFh.jpg', '2021-11-24 15:21:20', '2021-12-02 11:28:47', NULL, NULL);
INSERT INTO public.users (id, cpf, name, email, ativo, email_verified_at, password, trocarsenha, remember_token, current_team_id, profile_photo_path, created_at, updated_at, two_factor_secret, two_factor_recovery_codes) VALUES ('336d20a8-a9fb-41ad-82b2-a002dfd0cbaf', NULL, 'Prof. Vivien Macejkovic Jr.', 'katheryn69@example.net', 1, '2021-12-01 18:57:51', '$2y$10$92IXUNpkjO0rOQ5byMi.Ye4oKoEa3Ro9llC/.og/at2.uheWG/igi', 0, 'THnDDKgqkr', NULL, NULL, '2021-12-01 18:57:51', '2021-12-01 18:57:51', NULL, NULL);
INSERT INTO public.users (id, cpf, name, email, ativo, email_verified_at, password, trocarsenha, remember_token, current_team_id, profile_photo_path, created_at, updated_at, two_factor_secret, two_factor_recovery_codes) VALUES ('61cf9640-8ec6-48ab-947f-dc6731f8d1de', NULL, 'Mr. Floyd Gerhold', 'destany43@example.com', 1, '2021-12-01 18:57:51', '$2y$10$Fli21A2jk8z60YS4qcaaROsguZyje92mZQOs87srzHoh5m1oquETS', 0, 'SlAeQTduJhJIhoCwXLD8rWAyfPS38G8f2VpjY0YUpA9KMQu2R9fnvo1R5Cvd', NULL, 'profile-photos/p3PHNNg8h4KEAzBoWo8X6UaEDo9OA8FxYsui0p6u.jpg', '2021-12-01 18:57:51', '2021-12-02 14:05:02', NULL, NULL);
INSERT INTO public.users (id, cpf, name, email, ativo, email_verified_at, password, trocarsenha, remember_token, current_team_id, profile_photo_path, created_at, updated_at, two_factor_secret, two_factor_recovery_codes) VALUES ('a5bb753b-1242-476b-b6b4-13eb57e06d58', NULL, 'Hassie Hane', 'pkilback@example.com', 1, '2021-12-01 18:57:51', '$2y$10$92IXUNpkjO0rOQ5byMi.Ye4oKoEa3Ro9llC/.og/at2.uheWG/igi', 0, 'g3h4VD09uq', NULL, NULL, '2021-12-01 18:57:51', '2021-12-01 18:57:51', NULL, NULL);
INSERT INTO public.users (id, cpf, name, email, ativo, email_verified_at, password, trocarsenha, remember_token, current_team_id, profile_photo_path, created_at, updated_at, two_factor_secret, two_factor_recovery_codes) VALUES ('b0e9a3a9-8c33-4eb6-bb55-bb4e4925d959', NULL, 'Kyler Fritsch', 'krussel@example.net', 1, '2021-12-01 18:57:51', '$2y$10$92IXUNpkjO0rOQ5byMi.Ye4oKoEa3Ro9llC/.og/at2.uheWG/igi', 0, 'rd4hPKaZql', NULL, NULL, '2021-12-01 18:57:51', '2021-12-01 18:57:51', NULL, NULL);
INSERT INTO public.users (id, cpf, name, email, ativo, email_verified_at, password, trocarsenha, remember_token, current_team_id, profile_photo_path, created_at, updated_at, two_factor_secret, two_factor_recovery_codes) VALUES ('ccf35e84-3efb-483c-93fe-889c4bb8d155', NULL, 'Mr. Freddie Stroman', 'bzulauf@example.com', 1, '2021-12-01 18:57:51', '$2y$10$92IXUNpkjO0rOQ5byMi.Ye4oKoEa3Ro9llC/.og/at2.uheWG/igi', 0, 'o7MHhYwYxm', NULL, NULL, '2021-12-01 18:57:51', '2021-12-01 18:57:51', NULL, NULL);

INSERT INTO pei.tab_pei (cod_pei, dsc_pei, num_ano_inicio_pei, num_ano_fim_pei, deleted_at, created_at, updated_at) VALUES ('c64ca4bb-8f87-47e3-97b9-b3eb87b40deb', 'Planejamento Estratégico Integrado da Presidência da República', 2020, 2023, NULL, '2021-11-24 15:24:49', '2021-11-24 15:24:49');
INSERT INTO pei.tab_pei (cod_pei, dsc_pei, num_ano_inicio_pei, num_ano_fim_pei, deleted_at, created_at, updated_at) VALUES ('3424b284-1fcc-4dc0-8adf-adcf61f0b055', 'Planejamento Estratégico Integrado da Presidência da República', 2024, 2027, NULL, '2021-11-24 15:25:03', '2021-11-24 15:25:03');

INSERT INTO pei.tab_missao_visao_valores (cod_missao_visao_valores, dsc_missao, dsc_visao, dsc_valores, cod_pei, cod_organizacao, deleted_at, created_at, updated_at) VALUES ('f8337876-53a2-466c-b203-082f7b56d037', 'Assistir o Ministro de Estado na condução estratégica de governo e prover o suporte para o alcance dos objetivos institucionais do Ministério.', 'Ser referência na consolidação da estratégia nacional para um Estado moderno e na gestão institucional.', 'Inovação, Proatividade, Cooperação, Foco no Resultado, Ética.', 'c64ca4bb-8f87-47e3-97b9-b3eb87b40deb', '3834910f-66f7-46d8-9104-2904d59e1241', NULL, '2021-11-24 15:28:42', '2021-11-24 15:28:42');

INSERT INTO pei.tab_perspectiva (cod_perspectiva, dsc_perspectiva, num_nivel_hierarquico_apresentacao, cod_pei, deleted_at, created_at, updated_at) VALUES ('1c8d3440-ca67-49ec-bb49-2264b2d509a8', 'Suporte', 1, 'c64ca4bb-8f87-47e3-97b9-b3eb87b40deb', NULL, '2021-11-24 15:29:26', '2021-11-24 15:29:26');
INSERT INTO pei.tab_perspectiva (cod_perspectiva, dsc_perspectiva, num_nivel_hierarquico_apresentacao, cod_pei, deleted_at, created_at, updated_at) VALUES ('4cf54ed4-4d02-4395-aeb2-43d5314a2301', 'Processos Estruturantes', 2, 'c64ca4bb-8f87-47e3-97b9-b3eb87b40deb', NULL, '2021-11-24 15:30:27', '2021-11-24 15:30:27');
INSERT INTO pei.tab_perspectiva (cod_perspectiva, dsc_perspectiva, num_nivel_hierarquico_apresentacao, cod_pei, deleted_at, created_at, updated_at) VALUES ('7e58dc3b-1c76-4fa5-bfb5-72d04fe4062c', 'Resultados', 3, 'c64ca4bb-8f87-47e3-97b9-b3eb87b40deb', NULL, '2021-11-24 15:30:48', '2021-11-24 15:30:48');

INSERT INTO pei.tab_objetivo_estrategico (cod_objetivo_estrategico, dsc_objetivo_estrategico, num_nivel_hierarquico_apresentacao, cod_perspectiva, deleted_at, created_at, updated_at) VALUES ('5bb6ab27-40a6-4af9-b742-06a666a44fc3', 'Fortalecer a capacidade institucional', 1, '7e58dc3b-1c76-4fa5-bfb5-72d04fe4062c', NULL, '2021-11-24 15:49:32', '2021-11-24 15:49:32');
INSERT INTO pei.tab_objetivo_estrategico (cod_objetivo_estrategico, dsc_objetivo_estrategico, num_nivel_hierarquico_apresentacao, cod_perspectiva, deleted_at, created_at, updated_at) VALUES ('f771e066-9e0f-4526-82d7-87bd68b92b55', 'Fortalecer as ações do Centro de Governo', 3, '7e58dc3b-1c76-4fa5-bfb5-72d04fe4062c', NULL, '2021-11-24 15:59:39', '2021-11-24 15:59:39');
INSERT INTO pei.tab_objetivo_estrategico (cod_objetivo_estrategico, dsc_objetivo_estrategico, num_nivel_hierarquico_apresentacao, cod_perspectiva, deleted_at, created_at, updated_at) VALUES ('51bc941d-706d-4a20-a424-1830e2beb6b2', 'Aperfeiçoar a análise, articulação e monitoramento das ações governamentais', 4, '7e58dc3b-1c76-4fa5-bfb5-72d04fe4062c', NULL, '2021-11-24 16:00:54', '2021-11-24 16:00:54');
INSERT INTO pei.tab_objetivo_estrategico (cod_objetivo_estrategico, dsc_objetivo_estrategico, num_nivel_hierarquico_apresentacao, cod_perspectiva, deleted_at, created_at, updated_at) VALUES ('a0cf9c57-1508-45d7-b4c9-60314530e061', 'Assegurar o alinhamento das políticas públicas à estratégia Nacional para a modernização do Estado', 2, '7e58dc3b-1c76-4fa5-bfb5-72d04fe4062c', NULL, '2021-11-24 15:58:57', '2021-11-24 16:01:04');
INSERT INTO pei.tab_objetivo_estrategico (cod_objetivo_estrategico, dsc_objetivo_estrategico, num_nivel_hierarquico_apresentacao, cod_perspectiva, deleted_at, created_at, updated_at) VALUES ('892a7b22-e6a1-43ba-acf9-5f6467d63198', 'Fortalecer o Pacto Federativo', 5, '7e58dc3b-1c76-4fa5-bfb5-72d04fe4062c', NULL, '2021-11-24 16:01:56', '2021-11-24 16:01:56');
INSERT INTO pei.tab_objetivo_estrategico (cod_objetivo_estrategico, dsc_objetivo_estrategico, num_nivel_hierarquico_apresentacao, cod_perspectiva, deleted_at, created_at, updated_at) VALUES ('05908aba-69b3-41f7-984a-b8a828b013d4', 'Fortalecer o relacionamento institucional', 6, '7e58dc3b-1c76-4fa5-bfb5-72d04fe4062c', NULL, '2021-11-24 16:02:41', '2021-11-24 16:02:41');
INSERT INTO pei.tab_objetivo_estrategico (cod_objetivo_estrategico, dsc_objetivo_estrategico, num_nivel_hierarquico_apresentacao, cod_perspectiva, deleted_at, created_at, updated_at) VALUES ('1120f3d5-d34c-472e-af77-6cb0873d57ff', 'Comunicar ações de governo', 7, '7e58dc3b-1c76-4fa5-bfb5-72d04fe4062c', NULL, '2021-11-24 16:03:10', '2021-11-24 16:03:10');
INSERT INTO pei.tab_objetivo_estrategico (cod_objetivo_estrategico, dsc_objetivo_estrategico, num_nivel_hierarquico_apresentacao, cod_perspectiva, deleted_at, created_at, updated_at) VALUES ('3c195b29-6522-44ce-a689-899b818ba71f', 'Alinhar as necessidades da sociedade e as políticas de governo', 8, '7e58dc3b-1c76-4fa5-bfb5-72d04fe4062c', NULL, '2021-11-24 16:03:58', '2021-11-24 16:03:58');
INSERT INTO pei.tab_objetivo_estrategico (cod_objetivo_estrategico, dsc_objetivo_estrategico, num_nivel_hierarquico_apresentacao, cod_perspectiva, deleted_at, created_at, updated_at) VALUES ('a990b3a8-853f-40ec-ac3f-5903bbc65bcf', 'Proteção do Estado e Salvaguarda dos Interesses Nacionais', 9, '7e58dc3b-1c76-4fa5-bfb5-72d04fe4062c', NULL, '2021-11-24 16:04:52', '2021-11-24 16:04:52');
INSERT INTO pei.tab_objetivo_estrategico (cod_objetivo_estrategico, dsc_objetivo_estrategico, num_nivel_hierarquico_apresentacao, cod_perspectiva, deleted_at, created_at, updated_at) VALUES ('a5235280-2d9c-43a0-a118-82d4c0c7204e', 'Assegurar a implementação da Política Nacional de Modernização do Estado', 10, '4cf54ed4-4d02-4395-aeb2-43d5314a2301', NULL, '2021-11-25 13:01:00', '2021-11-25 13:01:39');
INSERT INTO pei.tab_objetivo_estrategico (cod_objetivo_estrategico, dsc_objetivo_estrategico, num_nivel_hierarquico_apresentacao, cod_perspectiva, deleted_at, created_at, updated_at) VALUES ('34ee4c9e-244e-40b0-ba3b-91bbad68e348', 'Fortalecer o sistema de Governança da Presidência da República', 11, '4cf54ed4-4d02-4395-aeb2-43d5314a2301', NULL, '2021-11-25 13:02:21', '2021-11-25 13:02:21');
INSERT INTO pei.tab_objetivo_estrategico (cod_objetivo_estrategico, dsc_objetivo_estrategico, num_nivel_hierarquico_apresentacao, cod_perspectiva, deleted_at, created_at, updated_at) VALUES ('340bf6d5-7a56-4150-8f49-46e5932a195c', 'Assegurar a universalização do acesso aos atos oficiais e acesso à informação', 12, '4cf54ed4-4d02-4395-aeb2-43d5314a2301', NULL, '2021-11-25 13:02:42', '2021-11-25 13:02:42');
INSERT INTO pei.tab_objetivo_estrategico (cod_objetivo_estrategico, dsc_objetivo_estrategico, num_nivel_hierarquico_apresentacao, cod_perspectiva, deleted_at, created_at, updated_at) VALUES ('0c4bf513-0003-403b-a82b-e08a42b4380e', 'Garantir a segurança jurídica dos atos do Presidente da República', 13, '4cf54ed4-4d02-4395-aeb2-43d5314a2301', NULL, '2021-11-25 13:02:58', '2021-11-25 13:02:58');
INSERT INTO pei.tab_objetivo_estrategico (cod_objetivo_estrategico, dsc_objetivo_estrategico, num_nivel_hierarquico_apresentacao, cod_perspectiva, deleted_at, created_at, updated_at) VALUES ('b1afe341-f1e2-4dc2-9214-e29b4b5a8344', 'Fortalecer a promoção do voluntariado e a inclusão de pessoas em situação de vulnerabilidade', 14, '4cf54ed4-4d02-4395-aeb2-43d5314a2301', NULL, '2021-11-25 13:03:21', '2021-11-25 13:03:21');
INSERT INTO pei.tab_objetivo_estrategico (cod_objetivo_estrategico, dsc_objetivo_estrategico, num_nivel_hierarquico_apresentacao, cod_perspectiva, deleted_at, created_at, updated_at) VALUES ('60bc20fd-61a8-4221-af07-9b87b3e2b075', 'Integrar políticas públicas nacionais aos padrões da OCDE', 15, '4cf54ed4-4d02-4395-aeb2-43d5314a2301', NULL, '2021-11-25 13:03:38', '2021-11-25 13:03:38');
INSERT INTO pei.tab_objetivo_estrategico (cod_objetivo_estrategico, dsc_objetivo_estrategico, num_nivel_hierarquico_apresentacao, cod_perspectiva, deleted_at, created_at, updated_at) VALUES ('8a173bf1-3e88-4235-9825-46b768127475', 'Monitorar os programas, projetos e ações prioritárias da Presidência da República', 16, '4cf54ed4-4d02-4395-aeb2-43d5314a2301', NULL, '2021-11-25 13:03:57', '2021-11-25 13:03:57');
INSERT INTO pei.tab_objetivo_estrategico (cod_objetivo_estrategico, dsc_objetivo_estrategico, num_nivel_hierarquico_apresentacao, cod_perspectiva, deleted_at, created_at, updated_at) VALUES ('6e99715b-965b-4401-a8e1-c70ed1342336', 'Fortalecer a análise de mérito das propostas e posicionamentos legislativos', 17, '4cf54ed4-4d02-4395-aeb2-43d5314a2301', NULL, '2021-11-25 13:04:17', '2021-11-25 13:04:17');
INSERT INTO pei.tab_objetivo_estrategico (cod_objetivo_estrategico, dsc_objetivo_estrategico, num_nivel_hierarquico_apresentacao, cod_perspectiva, deleted_at, created_at, updated_at) VALUES ('7298d6e4-5dc5-46f8-b4b2-db68225c61ff', 'Fortalecer a articulação institucional e a representatividade internacional', 18, '4cf54ed4-4d02-4395-aeb2-43d5314a2301', NULL, '2021-11-25 13:04:34', '2021-11-25 13:04:34');
INSERT INTO pei.tab_objetivo_estrategico (cod_objetivo_estrategico, dsc_objetivo_estrategico, num_nivel_hierarquico_apresentacao, cod_perspectiva, deleted_at, created_at, updated_at) VALUES ('296d1655-334a-4e44-89f4-7c8079a4a7da', 'Aperfeiçoar a gestão dos processos, rotinas e procedimentos', 19, '4cf54ed4-4d02-4395-aeb2-43d5314a2301', NULL, '2021-11-25 13:04:52', '2021-11-25 13:04:52');
INSERT INTO pei.tab_objetivo_estrategico (cod_objetivo_estrategico, dsc_objetivo_estrategico, num_nivel_hierarquico_apresentacao, cod_perspectiva, deleted_at, created_at, updated_at) VALUES ('07d218d3-6a23-48cf-abce-ce2b37961eff', 'Gerar inteligência dos dados políticos do Governo Federal', 20, '4cf54ed4-4d02-4395-aeb2-43d5314a2301', NULL, '2021-11-25 13:05:08', '2021-11-25 13:05:08');
INSERT INTO pei.tab_objetivo_estrategico (cod_objetivo_estrategico, dsc_objetivo_estrategico, num_nivel_hierarquico_apresentacao, cod_perspectiva, deleted_at, created_at, updated_at) VALUES ('22d5475b-450b-4ef9-a6db-599c175007c3', 'Potencializar ações de assuntos estratégicos de defesa e segurança nacional', 21, '4cf54ed4-4d02-4395-aeb2-43d5314a2301', NULL, '2021-11-25 13:05:30', '2021-11-25 13:05:30');
INSERT INTO pei.tab_objetivo_estrategico (cod_objetivo_estrategico, dsc_objetivo_estrategico, num_nivel_hierarquico_apresentacao, cod_perspectiva, deleted_at, created_at, updated_at) VALUES ('3af137c7-d8a4-47e4-9bfd-ce0dc2b63938', 'Aperfeiçoar a gestão do conhecimento e inovação', 22, '4cf54ed4-4d02-4395-aeb2-43d5314a2301', NULL, '2021-11-26 18:46:54', '2021-11-26 18:46:54');
INSERT INTO pei.tab_objetivo_estrategico (cod_objetivo_estrategico, dsc_objetivo_estrategico, num_nivel_hierarquico_apresentacao, cod_perspectiva, deleted_at, created_at, updated_at) VALUES ('b0ee3b23-76aa-4969-9964-f05cab1ec6a0', 'Aperfeiçoar a gestão de inteligência do Estado', 23, '4cf54ed4-4d02-4395-aeb2-43d5314a2301', NULL, '2021-11-26 18:47:13', '2021-11-26 18:47:13');
INSERT INTO pei.tab_objetivo_estrategico (cod_objetivo_estrategico, dsc_objetivo_estrategico, num_nivel_hierarquico_apresentacao, cod_perspectiva, deleted_at, created_at, updated_at) VALUES ('aa0df061-c193-48af-885c-40e5c64ec414', 'Intensificar os mecanismos de proteção da PR e de outras instituições de Estado', 24, '4cf54ed4-4d02-4395-aeb2-43d5314a2301', NULL, '2021-11-26 18:47:40', '2021-11-26 18:47:40');
INSERT INTO pei.tab_objetivo_estrategico (cod_objetivo_estrategico, dsc_objetivo_estrategico, num_nivel_hierarquico_apresentacao, cod_perspectiva, deleted_at, created_at, updated_at) VALUES ('5f6d7967-d3ba-4abd-9b42-e596cd029821', 'Aprimorar a gestão de pessoas com foco nas competências necessárias à Presidência da República', 25, '1c8d3440-ca67-49ec-bb49-2264b2d509a8', NULL, '2021-11-26 18:51:32', '2021-11-26 18:51:48');
INSERT INTO pei.tab_objetivo_estrategico (cod_objetivo_estrategico, dsc_objetivo_estrategico, num_nivel_hierarquico_apresentacao, cod_perspectiva, deleted_at, created_at, updated_at) VALUES ('cd783c8b-6ee0-463e-afb5-25200eaf2637', 'Aperfeiçoar os serviços logísticos e a infraestrutura física da Presidência da República', 26, '1c8d3440-ca67-49ec-bb49-2264b2d509a8', NULL, '2021-11-26 18:52:07', '2021-11-26 18:52:07');
INSERT INTO pei.tab_objetivo_estrategico (cod_objetivo_estrategico, dsc_objetivo_estrategico, num_nivel_hierarquico_apresentacao, cod_perspectiva, deleted_at, created_at, updated_at) VALUES ('e8cae4e5-0ad5-4acd-8d4b-8e3d20da9ed3', 'Aperfeiçoar os serviços e infraestrutura de tecnologia de informação e comunicação da Presidência da República', 27, '1c8d3440-ca67-49ec-bb49-2264b2d509a8', NULL, '2021-11-26 18:52:24', '2021-11-26 18:52:24');
INSERT INTO pei.tab_objetivo_estrategico (cod_objetivo_estrategico, dsc_objetivo_estrategico, num_nivel_hierarquico_apresentacao, cod_perspectiva, deleted_at, created_at, updated_at) VALUES ('b881376a-8d57-4c02-84db-63b6e4e76576', 'Aprimorar a gestão orçamentária e financeira com foco em resultados da Presidência da República', 28, '1c8d3440-ca67-49ec-bb49-2264b2d509a8', NULL, '2021-11-26 18:52:40', '2021-11-26 18:52:40');
INSERT INTO pei.tab_objetivo_estrategico (cod_objetivo_estrategico, dsc_objetivo_estrategico, num_nivel_hierarquico_apresentacao, cod_perspectiva, deleted_at, created_at, updated_at) VALUES ('d6cd668e-333b-4a5e-9430-fc5528ebd232', 'Fortalecer os mecanismos de controle interno, comunicação e  Gestão da Presidência da República', 29, '1c8d3440-ca67-49ec-bb49-2264b2d509a8', NULL, '2021-11-26 18:52:57', '2021-11-26 18:52:57');

INSERT INTO pei.tab_plano_de_acao (cod_plano_de_acao, cod_objetivo_estrategico, cod_tipo_execucao, cod_organizacao, num_nivel_hierarquico_apresentacao, dsc_plano_de_acao, txt_principais_entregas, dte_inicio, dte_fim, vlr_orcamento_previsto, bln_status, cod_ppa, cod_loa, deleted_at, created_at, updated_at) VALUES ('e147c06f-a319-4f72-ae88-a9e08b4ed66c', 'cd783c8b-6ee0-463e-afb5-25200eaf2637', 'c00b9ebc-7014-4d37-97dc-7875e55fff1b', 'ae20f504-4452-4a7a-9cae-84a464bbc02d', 1, 'Talento, texto alterado', 'Texto das principais entregas 33 a', '2021-09-01', '2023-09-17', 3903973.21, 'Não iniciada', NULL, NULL, NULL, '2021-12-03 23:03:33', '2021-12-28 21:10:29');
INSERT INTO pei.tab_plano_de_acao (cod_plano_de_acao, cod_objetivo_estrategico, cod_tipo_execucao, cod_organizacao, num_nivel_hierarquico_apresentacao, dsc_plano_de_acao, txt_principais_entregas, dte_inicio, dte_fim, vlr_orcamento_previsto, bln_status, cod_ppa, cod_loa, deleted_at, created_at, updated_at) VALUES ('3bbb949f-b430-44bb-bbd9-85e895d8e273', '5f6d7967-d3ba-4abd-9b42-e596cd029821', '57518c30-3bc5-4305-a998-8ce8b11550ed', '17f4ad22-8bd5-41f8-a385-49818562d736', 1, 'Potencialize-se', '-', '2021-12-08', '2023-12-21', 37384.79, 'Não iniciada', NULL, NULL, NULL, '2021-12-08 18:47:33', '2021-12-28 21:12:05');

INSERT INTO public.rel_users_tab_organizacoes_tab_perfil_acesso (id, cod_organizacao, cod_plano_de_acao, cod_perfil, deleted_at, created_at, updated_at, user_id) VALUES ('41ca70a5-8af5-476d-afb3-4efa3092f409', 'ae20f504-4452-4a7a-9cae-84a464bbc02d', 'e147c06f-a319-4f72-ae88-a9e08b4ed66c', 'c00b9ebc-7014-4d37-97dc-7875e55fff5d', NULL, '2021-12-03 23:03:33', '2021-12-03 23:03:33', 'b0e9a3a9-8c33-4eb6-bb55-bb4e4925d959');
INSERT INTO public.rel_users_tab_organizacoes_tab_perfil_acesso (id, cod_organizacao, cod_plano_de_acao, cod_perfil, deleted_at, created_at, updated_at, user_id) VALUES ('cfea2bdd-89c5-458f-b5fb-f4956f3280c0', 'ae20f504-4452-4a7a-9cae-84a464bbc02d', 'e147c06f-a319-4f72-ae88-a9e08b4ed66c', 'c00b9ebc-7014-4d37-97dc-7875e55fff4c', NULL, '2021-12-03 23:03:33', '2021-12-03 23:03:33', '336d20a8-a9fb-41ad-82b2-a002dfd0cbaf');

